Time,Velocity,Altitude,Pressure,Temperature
10176.425106746183
10023.623579475392
10011.460431979547
10186.77446791885
10181.293604937344
10188.667979373147
10131.557418006114
10132.968148076214
10170.20626515438
10048.685465734568
10009.41377854355
10185.549011894658
10193.018741936263
10160.204786640526
10161.611823528818
10162.752679695426
10179.74151369689
10183.338123684425
10167.251851363699
10010.6409577498
10002.258963332379
